<?xml version="1.0" encoding="utf-8" standalone="yes" ?>
<?xml-stylesheet type="text/xsl" href="modx.prosilver.en.xsl"?>
<!--For security purposes, please check: https
://www.phpbb.com/mods/ for the latest version of this MOD. Although MODs are checked before being allowed in the MODs Database there is no guarantee that there are no security problems within the MOD. No support will be given for MODs not found within the MODs Database which can be found at https://www.phpbb.com/mods/-->
<mod xmlns:xsi="http://www.w3.org/2001/XMLSchema-instance" xmlns="https://www.phpbb.com/mods/xml/modx-1.2.6.xsd">
	<header>
		<license>http://opensource.org/licenses/gpl-license.php GNU General Public License v2</license>
		
		<title lang="en">On Minecraft Portal Module</title>
		
		<description lang="en">
This is a phpBB modification (mod) that will provide an additional module for Board III Portal to display the users currently logged into your Minecraft server. It was built for the Minecraft server Ancient Shores (http://ancientshores.com) and supports the forum and Minecraft plugin versions on that server.

On the forum we have:

phpBB version 3.0.11 (https://www.phpbb.com/) - Base Forum Software
Board III Portal version 2.0.0 (http://www.board3.de/) - Provides a portal interface for phpBB

On the Minecraft server we have:

SpaceBukkit (http://spacebukkit.xereo.net/) - Provides an admin interface and web services this plugin uses to get the list of currently logged in users
LogBlock (http://dev.bukkit.org/bukkit-plugins/logblock/) - Provides logging services and keeps track of how recently a player has logged in and how much time players have spent on the server and can save its data to a mySQL database.

Without SpaceBukkit this mod would not be able to bring up the current users which would defeat the primary purpose of this plugin.  This mod can run just fine without LogBlock and if there is another plugin installed that stores usernames and last login times this plugin can be configured to pull its values from that database instead.
		</description>

		<github>https://github.com/awollangk/on-minecraft-portal-module</github>

		<author-group>
			<author>
				<realname>Alex Wollangk</realname>
				<username>awollangk</username>
				<email>awollangk@gmail.com</email>
			</author>
		</author-group>

		<link-group>
			<link type="dependency" href="" lang="en"></link>
		</link-group>

		<mod-version>1.0.3</mod-version>
		
		<installation>
			<level>intermediate</level>
			<time>300</time>
			<target-version>3.0.11</target-version>
		</installation>

		<history>
			<entry>
				<date>2013-09-20</date>
				<rev-version>1.0.3</rev-version>
				<changelog lang="en">
					<change>Updated This Install File</change>
				</changelog>
			</entry>
			<entry>
				<date>2013-09-20</date>
				<rev-version>1.0.2</rev-version>
				<changelog lang="en">
					<change>Fixed Template Logic</change>
				</changelog>
			</entry>
			<entry>
				<date>2013-09-20</date>
				<rev-version>1.0.1</rev-version>
				<changelog lang="en">
					<change>Added GitHub URL to Install</change>
				</changelog>
			</entry>
			<entry>
				<date>2013-09-20</date>
				<rev-version>1.0.0</rev-version>
				<changelog lang="en">
					<change>Initial Release</change>
				</changelog>
			</entry>
		</history>

	</header>

	<action-group>
		<copy>
			<file from="root/language/en/mods/portal/portal_on_minecraft_module.php" to="language/en/mods/portal/portal_on_minecraft_module.php" />
			<file from="root/portal/modules/portal_on_minecraft.php" to="portal/modules/portal_on_minecraft.php" />
			<file from="root/styles/prosilver/template/portal/modules/portal_on_minecraft_center.html" to="styles/prosilver/template/portal/modules/portal_on_minecraft_center.html" />
			<file from="root/styles/prosilver/template/portal/modules/portal_on_minecraft_side.html" to="styles/prosilver/template/portal/modules/portal_on_minecraft_side.html" />
			<file from="root/styles/subsilver2/template/portal/modules/portal_on_minecraft_center.html" to="styles/subsilver2/template/portal/modules/portal_on_minecraft_center.html" />
			<file from="root/styles/subsilver2/template/portal/modules/portal_on_minecraft_side.html" to="styles/subsilver2/template/portal/modules/portal_on_minecraft_side.html" />
		</copy>
		<diy-instructions lang="en">
After this mod is installed it can be added to the display from the Administration Control Panel (CPL) in the ".MODS" tab "Portal Modules" link under the "PORTAL" heading.  Simply click the "Add module" button in the section you want the "Who's On Minecraft" portal to show up in and select "Who's On Minecraft" from the drop down list that appears.

Once the portal is added to the page it needs to be configured.  Click on the green gear in the box of the "Portal Modules" page representing the "Who's On Minecraft" portal.  The defaults are fairly reasonable for most settings but there is no way to put in the URL Key value into settings automatically.
		</diy-instructions>
	</action-group>

</mod>
